{
  "validation": {
    "mae": 1.7084234280714876,
    "rmse": 2.1987333537983726,
    "r2": 0.8669553935481333
  },
  "test": {
    "mae": 1.826899575012002,
    "rmse": 2.3249038402028646,
    "r2": 0.8515700778679641
  }
}