{
  "best_model": "elastic_net",
  "ranking": [
    {
      "model": "elastic_net",
      "mae": 1.4804999066182805,
      "rmse": 1.94661333225738,
      "r2": 0.8959431063664739,
      "cv_mae_mean": 1.542920328599226,
      "cv_mae_std": 0.07694140208411489,
      "cv_rmse_mean": 1.9386949905309045,
      "cv_rmse_std": 0.1054866783192691,
      "cv_r2_mean": 0.8830770355971337,
      "cv_r2_std": 0.02182187490789253,
      "fit_time_mean": 0.0034856319427490233,
      "modalities": NaN
    },
    {
      "model": "gradient_boosting",
      "mae": 1.6776794058536089,
      "rmse": 2.1217185011895707,
      "r2": 0.8763804959998844,
      "cv_mae_mean": 1.6463231237917104,
      "cv_mae_std": 0.07073655779590082,
      "cv_rmse_mean": 2.08953325337945,
      "cv_rmse_std": 0.0544826338398297,
      "cv_r2_mean": 0.8640505339393847,
      "cv_r2_std": 0.025213349591713216,
      "fit_time_mean": 0.8476383209228515,
      "modalities": NaN
    },
    {
      "model": "multimodal_stacking",
      "mae": 1.7346862052948788,
      "rmse": 2.240358309426263,
      "r2": 0.8621691499533615,
      "cv_mae_mean": 1.7743653145276745,
      "cv_mae_std": 0.1542591500504602,
      "cv_rmse_mean": 2.2520820106941075,
      "cv_rmse_std": 0.1751628038256554,
      "cv_r2_mean": 0.8428488869865859,
      "cv_r2_std": 0.02848758775332797,
      "fit_time_mean": 5.262260293960571,
      "modalities": "clinical,ultrasound,mri,dexa,microwave"
    },
    {
      "model": "random_forest",
      "mae": 1.7821417483392807,
      "rmse": 2.2988820736011197,
      "r2": 0.8548741229522666,
      "cv_mae_mean": 1.808939049994239,
      "cv_mae_std": 0.060334929665892864,
      "cv_rmse_mean": 2.2979470169513654,
      "cv_rmse_std": 0.11420420531580869,
      "cv_r2_mean": 0.8365643263905668,
      "cv_r2_std": 0.02315230923630708,
      "fit_time_mean": 1.7472239017486573,
      "modalities": NaN
    }
  ]
}