model,mae,rmse,r2,cv_mae_mean,cv_mae_std,cv_rmse_mean,cv_rmse_std,cv_r2_mean,cv_r2_std,fit_time_mean,modalities
elastic_net,1.4804999066182805,1.94661333225738,0.8959431063664739,1.542920328599226,0.07694140208411489,1.9386949905309045,0.1054866783192691,0.8830770355971337,0.02182187490789253,0.0034856319427490233,
gradient_boosting,1.6776794058536089,2.1217185011895707,0.8763804959998844,1.6463231237917104,0.07073655779590082,2.08953325337945,0.0544826338398297,0.8640505339393847,0.025213349591713216,0.8476383209228515,
multimodal_stacking,1.7346862052948788,2.240358309426263,0.8621691499533615,1.7743653145276745,0.1542591500504602,2.2520820106941075,0.1751628038256554,0.8428488869865859,0.02848758775332797,5.262260293960571,"clinical,ultrasound,mri,dexa,microwave"
random_forest,1.7821417483392807,2.2988820736011197,0.8548741229522666,1.808939049994239,0.060334929665892864,2.2979470169513654,0.11420420531580869,0.8365643263905668,0.02315230923630708,1.7472239017486573,
